feature,weight
-0.43 < risk_burden <= -0.28,-0.41018906844131947
previous_defaults <= -0.46,-0.11881540855025204
-0.35 < credit_utilization <= -0.26,-0.060837546871358054
dti <= -0.40,-0.02973501753130773
-0.29 < savings_to_income <= 0.05,-0.016146044144273564
loan_per_age <= -0.78,-0.013499021987856047
-0.02 < savings <= 0.87,0.012009127879590452
credit_limit > 0.86,-0.011944566705624998
-0.08 < years_with_bank <= 0.92,-0.009050545195095835
-0.87 < age <= 0.02,0.009020321859649997
